#set($dollar = '$')
<?xml version="1.0" encoding="UTF-8"?>
<Configuration status="WARN">
	<Properties>
        <property name="APP_NAME">${artifactId}</property>
		<Property name="LOG_EXCEPTION_CONVERSION_WORD">%xwEx</Property>
		<Property name="LOG_LEVEL_PATTERN">%5p</Property>
		<Property name="LOG_DATEFORMAT_PATTERN">yyyy-MM-dd'T'HH:mm:ss.SSSXXX</Property>
		<Property name="CONSOLE_LOG_PATTERN">%clr{%d{${dollar}{sys:LOG_DATEFORMAT_PATTERN}}}{faint} %clr{${dollar}{sys:LOG_LEVEL_PATTERN}} %clr{%pid}{magenta} %clr{---}{faint} %clr{[%15.15t]}{faint} %clr{%-40.40c{1.}}{cyan} %clr{:}{faint} %m%n${dollar}{sys:LOG_EXCEPTION_CONVERSION_WORD}</Property>
		<Property name="FILE_LOG_PATTERN">%d{${dollar}{sys:LOG_DATEFORMAT_PATTERN}} ${dollar}{sys:LOG_LEVEL_PATTERN} %pid --- [%t] %-40.40c{1.} : %m%n${dollar}{sys:LOG_EXCEPTION_CONVERSION_WORD}</Property>
        <property name="LOG_FILE">logs/${APP_NAME}.log</property>
		<property name="LOG_PATH">logs</property>
		<property name="OLD_FILENAMES_PATTERN">${dollar}{sys:LOG_PATH}/${dollar}${dollar}{date:yyyy-MM}/${APP_NAME}-%d{yyyy-MM-dd-HH}-%i.log.gz</property>
        <property name="ROLLING_FILE_MAX_SIZE">10 MB</property>
        <property name="MAX_NUMBER_OF_ROLLING_FILES">5</property>
    </Properties>
	<Appenders>
		<Console name="Console" target="SYSTEM_OUT" follow="true">
			<PatternLayout pattern="${dollar}{sys:CONSOLE_LOG_PATTERN}" charset="${dollar}{sys:CONSOLE_LOG_CHARSET}" />
		</Console>
		<RollingFile name="File" fileName="${dollar}{sys:LOG_FILE}" filePattern="${dollar}{OLD_FILENAMES_PATTERN}">
			<PatternLayout pattern="${dollar}{sys:FILE_LOG_PATTERN}" charset="${dollar}{sys:FILE_LOG_CHARSET}"/>
			<Policies>
				<SizeBasedTriggeringPolicy size="${dollar}{ROLLING_FILE_MAX_SIZE}" />
			</Policies>
		    <DefaultRolloverStrategy max="${dollar}{MAX_NUMBER_OF_ROLLING_FILES}" />
		</RollingFile>
	</Appenders>
	<Loggers>
		<AsyncLogger name="${package}" level="trace" additivity="false">
			<AppenderRef ref="Console" />
			<AppenderRef ref="File" />
		</AsyncLogger>
		<!-- Para desenvolvimento - Hibernate >= 6 -->
		<!-- Basic log level for all messages -->
		<AsyncLogger name="org.hibernate" level="info" additivity="false">
			<AppenderRef ref="Console" />
		</AsyncLogger>
		<!-- SQL statements and parameters -->
		<AsyncLogger name="org.hibernate.SQL" level="debug" additivity="false">
			<AppenderRef ref="Console" />
		</AsyncLogger>
		<AsyncLogger name="org.hibernate.orm.jdbc.bind" level="trace" additivity="false">
			<AppenderRef ref="Console" />
		</AsyncLogger>
		<!-- Statistics and slow queries -->
		<!-- <AsyncLogger name="org.hibernate.stat" level="debug" additivity="false">
			<AppenderRef ref="Console" />
		</AsyncLogger> -->
		<AsyncLogger name="org.hibernate.SQL_SLOW" level="info" additivity="false">
			<AppenderRef ref="Console" />
		</AsyncLogger>
		<!-- 2nd Level Cache -->
		<AsyncLogger name="org.hibernate.cache" level="debug" additivity="false">
			<AppenderRef ref="Console" />
		</AsyncLogger>
		<!-- Para producao - Hibernate >= 6 -->
		<!-- <AsyncLogger name="org.hibernate" level="error" additivity="false">
			<AppenderRef ref="File" />
		</AsyncLogger> -->
        <AsyncLogger name="org.apache.catalina.startup.DigesterFactory" level="error" />
		<AsyncLogger name="org.apache.catalina.util.LifecycleBase" level="error" />
		<AsyncLogger name="org.apache.coyote.http11.Http11NioProtocol" level="warn" />
		<AsyncLogger name="org.apache.sshd.common.util.SecurityUtils" level="warn"/>
		<AsyncLogger name="org.apache.tomcat.util.net.NioSelectorPool" level="warn" />
		<AsyncLogger name="org.eclipse.jetty.util.component.AbstractLifeCycle" level="error" />
		<AsyncLogger name="org.hibernate.validator.internal.util.Version" level="warn" />
		<AsyncLogger name="org.springframework.boot.actuate.endpoint.jmx" level="warn"/>
		<AsyncRoot level="info">
			<AppenderRef ref="Console" />
			<AppenderRef ref="File" />
		</AsyncRoot>
	</Loggers>
</Configuration>
