<?xml version="1.0" encoding="UTF-8"?>
<Configuration status="WARN">
	<Properties>
        <Property name="APP_NAME">controlevacinacao</Property>
		<Property name="LOG_EXCEPTION_CONVERSION_WORD">%xwEx</Property>
		<Property name="LOG_LEVEL_PATTERN">%5p</Property>
		<Property name="LOG_DATEFORMAT_PATTERN">yyyy-MM-dd'T'HH:mm:ss.SSSXXX</Property>
		<Property name="CONSOLE_LOG_PATTERN">%clr{%d{${sys:LOG_DATEFORMAT_PATTERN}}}{faint} %clr{${sys:LOG_LEVEL_PATTERN}} %clr{%pid}{magenta} %clr{---}{faint} %clr{${sys:LOGGED_APPLICATION_NAME:-}[%15.15t]}{faint} %clr{${sys:LOG_CORRELATION_PATTERN:-}}{faint}%clr{%-40.40c{1.}}{cyan} %clr{:}{faint} %m%n${sys:LOG_EXCEPTION_CONVERSION_WORD}</Property>
		<Property name="FILE_LOG_PATTERN">%d{${sys:LOG_DATEFORMAT_PATTERN}} ${sys:LOG_LEVEL_PATTERN} %pid --- ${sys:LOGGED_APPLICATION_NAME:-}[%t] ${sys:LOG_CORRELATION_PATTERN:-}%-40.40c{1.} : %m%n${sys:LOG_EXCEPTION_CONVERSION_WORD}</Property>
        <Property name="LOG_FILE">logs/${APP_NAME}.log</Property>
		<Property name="LOG_PATH">logs</Property>
		<Property name="OLD_FILENAMES_PATTERN">${sys:LOG_PATH}/$${date:yyyy-MM}/${APP_NAME}-%d{yyyy-MM-dd-HH}-%i.log.gz</Property>
        <Property name="ROLLING_FILE_MAX_SIZE">10 MB</Property>
        <Property name="MAX_NUMBER_OF_ROLLING_FILES">5</Property>
    </Properties>
	<Appenders>
		<Console name="Console" target="SYSTEM_OUT" follow="true">
			<PatternLayout pattern="${sys:CONSOLE_LOG_PATTERN}" charset="${sys:CONSOLE_LOG_CHARSET}" />
			<Filters>
				<ThresholdFilter level="${sys:CONSOLE_LOG_THRESHOLD:-TRACE}"/>
			</Filters>
		</Console>
		<RollingFile name="File" fileName="${sys:LOG_FILE}" filePattern="${OLD_FILENAMES_PATTERN}">
			<PatternLayout pattern="${sys:FILE_LOG_PATTERN}" charset="${sys:FILE_LOG_CHARSET}"/>
			<Filters>
				<ThresholdFilter level="${sys:FILE_LOG_THRESHOLD:-TRACE}"/>
			</Filters>			
            <Policies>
				<SizeBasedTriggeringPolicy size="${ROLLING_FILE_MAX_SIZE}" />
			</Policies>
		    <DefaultRolloverStrategy max="${MAX_NUMBER_OF_ROLLING_FILES}" />
		</RollingFile>
	</Appenders>
	<Loggers>
		<AsyncLogger name="web.controlevacinacao" level="trace" additivity="false">
			<AppenderRef ref="Console" />
			<!-- <AppenderRef ref="File" /> -->
		</AsyncLogger>
		<!-- Log SQL statements -->
		<AsyncLogger name="org.hibernate.SQL" level="debug" additivity="false">
			<AppenderRef ref="Console"/>
		</AsyncLogger>
		<!-- <AsyncLogger name="org.hibernate.type.descriptor.sql" level="trace" additivity="false">
			<AppenderRef ref="Console"/>
		</AsyncLogger> -->
        <AsyncLogger name="org.apache.catalina.startup.DigesterFactory" level="error" />
		<AsyncLogger name="org.apache.catalina.util.LifecycleBase" level="error" />
		<AsyncLogger name="org.apache.coyote.http11.Http11NioProtocol" level="warn" />
		<AsyncLogger name="org.apache.sshd.common.util.SecurityUtils" level="warn"/>
		<AsyncLogger name="org.apache.tomcat.util.net.NioSelectorPool" level="warn" />
		<AsyncLogger name="org.eclipse.jetty.util.component.AbstractLifeCycle" level="error" />
		<AsyncLogger name="org.hibernate.validator.internal.util.Version" level="warn" />
		<AsyncLogger name="org.springframework.boot.actuate.endpoint.jmx" level="warn"/>
		<AsyncRoot level="info">
			<AppenderRef ref="Console" />
			<AppenderRef ref="File" />
		</AsyncRoot>
	</Loggers>
</Configuration>
